ID,タイトル,内容,重要度,緊急度,ステータス,備考
1.0,lorem,ipsum,dolor,sit,amet,consectetur
2.0,ornare,sagittis,porta,tempor,ultricies,ad
3.0,praesent,volutpat,integer,taciti,hendrerit,neque
4.0,dui,dignissim,ac,placerat,leo,consequat
5.0,aliquam,vitae,mattis,senectus,scelerisque,vestibulum
6.0,nec,facilisis,netus,malesuada,eros,nulla
7.0,adipiscing,elit,gravida,habitasse,mi,ullamcorper
8.0,quis,nostra,lectus,fames,eu,inceptos
9.0,facilisi,cursus,nam,nisi,metus,ante
10.0,congue,nascetur,magnis,aenean,hac,velit
